<?xml version="1.0" encoding="UTF-8"?><?xml-stylesheet type='text/xsl' href='_UpgradeReport_Files/UpgradeReport.xslt'?><UpgradeLog>
<Properties><Property Name="Solution" Value="ITWfeedNew">
</Property><Property Name="Solution File" Value="C:\working\2008 projects\ITW\ITWFeedNew\ITWfeedNew\ITWfeedNew.sln">
</Property><Property Name="User Options File" Value="C:\working\2008 projects\ITW\ITWFeedNew\ITWfeedNew\ITWfeedNew.suo">
</Property><Property Name="Date" Value="Monday, January 04, 2010">
</Property><Property Name="Time" Value="14:57 PM">
</Property></Properties><Event ErrorLevel="0" Project="" Source="ITWfeedNew.sln" Description="File successfully backed up as C:\working\2008 projects\ITW\ITWFeedNew\ITWfeedNew\Backup\ITWfeedNew.sln">
</Event><Event ErrorLevel="0" Project="" Source="ITWfeedNew.suo" Description="File successfully backed up as C:\working\2008 projects\ITW\ITWFeedNew\ITWfeedNew\Backup\ITWfeedNew.suo">
</Event><Event ErrorLevel="0" Project="ITWfeedNew" Source="ITWfeedNew.vbproj" Description="Project file successfully backed up as C:\working\2008 projects\ITW\ITWFeedNew\ITWfeedNew\Backup\ITWfeedNew.vbproj">
</Event><Event ErrorLevel="0" Project="ITWfeedNew" Source="INIFile1.vb" Description="File successfully backed up as C:\working\2008 projects\ITW\ITWFeedNew\ITWfeedNew\Backup\INIFile1.vb">
</Event><Event ErrorLevel="0" Project="ITWfeedNew" Source="Module1.vb" Description="File successfully backed up as C:\working\2008 projects\ITW\ITWFeedNew\ITWfeedNew\Backup\Module1.vb">
</Event><Event ErrorLevel="0" Project="ITWfeedNew" Source="My Project\AssemblyInfo.vb" Description="File successfully backed up as C:\working\2008 projects\ITW\ITWFeedNew\ITWfeedNew\Backup\My Project\AssemblyInfo.vb">
</Event><Event ErrorLevel="0" Project="ITWfeedNew" Source="My Project\Application.Designer.vb" Description="File successfully backed up as C:\working\2008 projects\ITW\ITWFeedNew\ITWfeedNew\Backup\My Project\Application.Designer.vb">
</Event><Event ErrorLevel="0" Project="ITWfeedNew" Source="My Project\Resources.Designer.vb" Description="File successfully backed up as C:\working\2008 projects\ITW\ITWFeedNew\ITWfeedNew\Backup\My Project\Resources.Designer.vb">
</Event><Event ErrorLevel="0" Project="ITWfeedNew" Source="My Project\Settings.Designer.vb" Description="File successfully backed up as C:\working\2008 projects\ITW\ITWFeedNew\ITWfeedNew\Backup\My Project\Settings.Designer.vb">
</Event><Event ErrorLevel="0" Project="ITWfeedNew" Source="ClassDiagram1.cd" Description="File successfully backed up as C:\working\2008 projects\ITW\ITWFeedNew\ITWfeedNew\Backup\ClassDiagram1.cd">
</Event><Event ErrorLevel="0" Project="ITWfeedNew" Source="My Project\Application.myapp" Description="File successfully backed up as C:\working\2008 projects\ITW\ITWFeedNew\ITWfeedNew\Backup\My Project\Application.myapp">
</Event><Event ErrorLevel="0" Project="ITWfeedNew" Source="My Project\Settings.settings" Description="File successfully backed up as C:\working\2008 projects\ITW\ITWFeedNew\ITWfeedNew\Backup\My Project\Settings.settings">
</Event><Event ErrorLevel="0" Project="ITWfeedNew" Source="My Project\Resources.resx" Description="File successfully backed up as C:\working\2008 projects\ITW\ITWFeedNew\ITWfeedNew\Backup\My Project\Resources.resx">
</Event><Event ErrorLevel="0" Project="ITWfeedNew" Source="ITWfeedNew.vbproj" Description="Project converted successfully">
</Event><Event ErrorLevel="3" Project="ITWfeedNew" Source="ITWfeedNew.vbproj" Description="Converted">
</Event><Event ErrorLevel="0" Project="" Source="ITWfeedNew.sln" Description="Solution converted successfully">
</Event><Event ErrorLevel="3" Project="" Source="ITWfeedNew.sln" Description="Converted">
</Event><Event ErrorLevel="0" Project="ITWfeedNew" Source="ITWfeedNew.vbproj" Description="Scan complete: Upgrade not required for project files.">
</Event></UpgradeLog>